contact_id,name,_fivetran_deleted
32fc32ed-3199-4348-8851-cfb671d80b8d,tvATWxpyhsfz4MLYa2r8bw==,f
4540b393-e320-4029-99cb-d84fcb0426c1,tTvbrKZ30nWkJ49isE/W+Q==,f
e9715966-29e4-452d-b765-631df44d818f,9kIvF1czjiPlCdFMTLRYxw==,f
d864b47a-da13-42bb-9f3a-677b51c00a81,6mFR9eEhGDRWjGQcn/2IGg==,f
958c2699-0528-4543-a395-7b473793f08f,JKzdfn9YDpWBYJdFZ7akpQ==,f
4b2b1897-c454-48c5-a8a9-761520bdc7cd,sE+C+vSh/nwWfonAQDJJFQ==,f
61d9104a-17ee-453f-950b-2e2f064ac538,Kfu8TAOCn7SOU46dFB2/dg==,f
00cf5de6-8996-4fef-9de6-a44a58d189a4,n2KQ9ENuWiNR8S4DtkM8PA==,f
29e18240-5f02-472f-a8d1-c91945186e42,dMM9ixU1ve41Se8439EvYg==,f
e25bc5bf-76eb-461f-aede-a3cb1799fdcc,jNLBaP6Wihw/ml1q+oN4/Q==,f
e4205c64-ce10-48e4-93d1-e4e9979cbe32,Mi+lKOK++PUIVTr27j9UTg==,f
1e12ba47-9b54-427c-a02d-4fdc32b9774c,Fnm73ZJq+IaIgVvMc+00wA==,f
8f7e647c-7b0a-4498-801c-99fc7a2403d8,mGMkzw8iS0mpXj6dUXEoMQ==,f
3fcdb242-eee4-4b4b-94a3-acba57304f45,EoEup428gOYGX3lMdSJy6Q==,f
a23e354f-b5b7-4de2-a44b-72263f16691f,xKLlO2y/xees/Q4GxkmxTA==,f
f59ff65d-92b4-4738-9c96-9c1c1ab1d873,f0yaf1XQdfgcLVdNmxFXEg==,f
50498b89-6ccd-478a-9f8e-b111856cc60f,8j21A2WgjX9PX5Q69ekQ7g==,f
a38fa4bf-4b06-4560-96a8-177d0cdb8260,XnzymTS9dAyPf15Ty4jNjw==,f
d8876542-b2f8-4757-b228-4566396a7375,UP6gbSa02w7m2hbkxCuNVw==,f
a51da2e5-daec-47ca-bfc5-e6e4300a488b,Q2cs3SbwJgGOkOh6k+RUKw==,f
e0edf76e-cc9c-4078-ae06-7ade62cec7da,cazYCLcKGpeHgswgk4lWkw==,f
0b2a3ae1-2391-4526-9e36-2a5db20b7420,fKjOz8fe1s5ztfMBbl2fvA==,f
577d32fe-1e0d-4def-954c-4578784e71e4,QlK3Lm681NS0wuRqeG8D0g==,f
4c724ee0-4496-4935-ae5e-b34f370ae756,WM2inm+ljqW9YZlvGkwkbA==,f
9846e090-ad5f-41ad-bd83-e4c557046ce4,VO1HIy54mYdIwojOKGyacQ==,f
6fb0fd15-c038-455e-9258-cf4c5f4ec254,pvhzR8smO6uNgkvlV5SYUQ==,f
c6530936-5159-42b1-a327-6cf624d05cb0,A9xVjxOiJwxAmie5DbjTBw==,f
1adef5ba-fd76-460f-bd71-641bbda69d7c,2wqXO1ezdRJwXvhsXn3VSw==,f
20f6e8ee-ce44-433e-ab23-020ecc0ddf21,dqJbhRGl85wb3HYfZWNuSw==,f
be435a4b-83c4-4864-9966-316181ad5f6e,zvh1pRepdRBVIk1KVvrfvA==,f
8e63b162-eb15-4b2a-80f3-c25db8b30f26,swiHeUXp1VNVABG1iRzCbA==,f
5bb69734-b6b6-442b-95c0-fedeb6aebac5,aFeNbxX8YKnnXW847Oq7fA==,f
c1ce8bd0-57ba-4573-8c90-96e35cc2e5cc,VynTbhhDghwF96+Z++lk/Q==,f
6b4e8a4e-0448-49fc-9a66-7a09979e749e,le+hZyFi2xiDxAInwfHglg==,f
6b817e05-e2ba-4b1d-a8eb-8718e9568da1,et9sRuNiV8tlIWYORXgk7g==,f
1bf9caa0-4268-47e6-9b16-4eb6c84e0b73,5vY1VVrF0K0M5Svq9GUW9Q==,f
d5bb4e32-5225-455a-a73f-d4df6c730e46,pgfaJ9guiCQjwUwaTY8Jlg==,f
4ea1e31e-d42d-42ef-bf5d-2027048706b3,B8BC6MRCBQtVy/H7JQdX6Q==,f
f4eb8afb-e316-4020-8b6a-6faf35ada462,7PSKZCNEQ8i0ewrsL1IbMw==,f
0ba3460a-2a40-4e76-b0e4-ceb125016f63,givq1sFJ/6y+ehLETDlY7Q==,f
8ea9736a-db87-4cba-a65f-6d3a27dd8efd,Cz5Jqbs2BS9oxh8g2uwO1g==,f
e1b69cf3-69ed-4b1e-81f3-d146573959cf,Zrz8+yHhFVPHRmt8Ccs2qA==,f
13d352d4-ad46-47b0-9066-4d30f9b2eacf,PAwY5vl6Aq7cFwjOJd6fKw==,f
cc940f57-ede5-4889-a256-17bdcbd387b1,vxvhOflYxNyBrEvMGPYvRw==,f
0fef4d82-fddf-4fda-8450-7ae07d7f1f08,lGrLyGE8DoFW0pDs/RRMlQ==,f
41cb6516-d28f-4e9a-8b9b-ab520a181523,PGzXewot/u6y7LeHEPPMKw==,f
b3111dc0-cd65-412f-93c5-b6c743afd8eb,FSzY9+ZHmv/Ln2Qy8ARtVg==,f
74781e25-2d05-41be-8a03-ecf1cd19a2f7,hyLABq9yTwHh5YPugnMFlQ==,f
8cc6edd4-853d-4c9d-996a-4a17ab0dcd60,lybprO+xCi4j4c0mAW/41A==,f
a69b7fa0-83f0-4e17-9ac0-b21b82f057dc,J3o3kqQwlzCidOXAeNn2rA==,f
ae5908b8-268b-41ac-9d31-394672b2ead6,wP0Z5ZmN4RKwuMHeZHIdog==,f
e57d87e8-6f9d-44b7-a754-1995d2d26938,rwCnJwzD3Hsb/UH9tTP24A==,f
abadc2f1-49bd-49e8-8bd0-1f4e05b65ac4,xMQJxjGn+7kH1yHvim4y1g==,f
e9b65b50-d3bd-4b8a-995f-369e48815920,b61QhA3UEkJpUneSTkpvFg==,f
2df6f223-e233-4dbd-a967-32e7c14903a2,83NSDzLI4BejpCNEtXBpYA==,f
82790858-43dd-4c4c-b749-c93685af0a7c,draJbzNPiD6am3LmiCmZBg==,f
d44ab541-dae0-4553-be6a-c91a9ba3c3ae,TN5N+rxEXY6+kOfUOt42nA==,f
fabc3c70-cb94-4759-be07-4e9116c8139a,YXL+9rBHa6wJIDpuSHrWYw==,f
37160678-c205-4468-83b9-f792c1bd95db,sHoW50Y8ia5+Wx9LV7cmRg==,f
bce74994-e995-4f7c-92f6-13b63d00545a,o/+tfN7uh4zy3IbUnPJiKw==,f
2dadce21-d969-4562-bb95-76d90c79349f,07fJE80E6/7A6ewyy2/VjA==,f
0d8e476b-413b-4f18-a0c6-8be0b72b4ff0,RGJDxNPIXZYphbcvBa0kqA==,f
1df08908-202a-4f87-a07b-8dc1e105ecfb,PI1YMwJK7rnFJKJsCoRDlA==,f
20a25aac-1c65-463c-8432-99581687c28f,tF8W3wxuC7bvqFJSNN3oTg==,f
09a6994f-f4bc-4a71-951e-5d16fa5b8bbd,9hCKKfuqKQIZFY4PUiM69Q==,f
7244605e-6b6a-4397-a586-e8478b7dfbfb,NIOcO4X2YNsjZBbCYmOqAw==,f
6c5a0188-202f-4586-93a1-06036f3aaca0,dyEBLn1CJPEzwOF2Yre5XA==,f
c133553b-3c23-41d8-a66a-1f4ca91f05d8,L4BsOpUMT/XGoLVUmeAt9w==,f
f69b3b36-26e9-4ce8-9d29-b04439639f9c,08/abYUR66Rsfg7rkVvK9Q==,f
e64c7082-7d6e-4169-b027-3785aa3a34b9,NWHzo8VXbizg3A0eJou5sg==,f
44baf8ad-002a-4e26-addf-8451763d80c8,+xrPGYGNL62N3kZors0A8A==,f
cef6eaef-7c18-45e7-adfc-dac18f188cb4,GbWRU9zFxSPtX668vEy8DA==,f
75c38339-7a8e-44de-93fc-e1e942ca565a,2x9KtYRd72GoPV3xPgwjlw==,f
c7263356-d84e-4233-b789-4cbb0f4d5c3a,m4jJWhXgGMP4A4p9AWAUXA==,f
72230621-a99b-49a1-aed6-d30a1c6ce0db,uZPyDG47c5Saluk0p2u/7w==,f
feed0f82-0ebf-4da2-9859-9307aeb09c9b,vlwivLPfud+gQDQ41+p31w==,f
c6840322-5f2c-4673-89c8-e62d35223184,s7OmrHTsvVa82++keZ+53w==,f
0512aff5-d83b-4aaa-907c-440639385129,JkgAIJ/8gKyt1prGX43rJw==,f
59883a8d-a4f6-4cbf-910a-fb5f1546b70d,wq2XoSRjlxBjx3OV4NXKmA==,f
19335204-03a8-4c6d-9cff-d4c931370095,u6XBZIvFFbXqTaQXrnF7qA==,f
1e0538e5-7bd3-4db3-8247-12ae56d18b6b,YRHQCDeojApu0uFMQJCa0w==,f
7dd22f4a-b61a-475d-a759-3e60fd2d9acb,/S08pC06I0bDjeGbO/rGlg==,f
f129b5f3-0ae7-4795-858d-bdbf5bcdf5c8,FmBhdOlEZGQiT/EW/NoPcg==,f
00c71bb0-3cb9-4bbb-b24c-79dc01d13257,eTwEiKvkpYWRx10cTRFgZQ==,f
bd2cd9a0-ab55-4a97-b509-31deadb0d40f,np9UlCmgIONjtx7m+voX+A==,f
c2c88267-1c42-4f5a-bdd2-e668ad36df1b,kRvBXT2mWlvfD9w5D3Rydg==,f
e358b758-b92d-4bc9-a085-06c9a302297e,Qyn08Km5bRqijLjqVltm6Q==,f
6180c125-6f31-4fd3-a335-9eef2182fcdf,YEtywL9nr3UkSWBs1TcuGQ==,f
b8ecd191-5900-4134-9366-fb4c4bec201b,+m3XaSc1pRiAD3RitxMRjQ==,f
9a3e118f-b89c-496d-b8ce-db3111bbc131,5X3uHP0/TGV0SkgKuTrLbw==,f
b01d0db2-c5b5-4f2f-bdc1-f1ed3c04b5e7,fcAegM62pgQqsCyWFdn3Ug==,f
790b6e13-5cd3-4c24-b46d-9747e3a928ea,acLvx94W8RaME0YEU7jiPg==,f
f8796fe3-a231-4435-bb82-4460fefd9017,UWSLqj7IN2q3up1ViaR9ig==,f
1fcc7f20-6727-4733-87ed-85c637a21009,i1xaBWzBphUh8TblBUiYvg==,f
538e2bfe-de22-44ed-bffa-f685a7866924,oOggsP1xLzaGPtfdAW5qeA==,f
30f61c24-1ade-4f2f-9d98-95d3cc52898a,ZGoYDf5qvARvMhbNmAOQIg==,f
694902b7-539b-40f7-9cae-11936cfcb251,piODfWowALPNAgKVco6CUg==,f
0bde901d-f35d-4d73-a0e1-345b7e118e2e,FL1mulrvIJKCG/EmG2b3Zg==,f
9811f72c-cded-4401-a149-a34dd4f5b759,xriHAh4aakDBvNk8zvITJw==,f
0625e07e-e4b8-48e5-ae5c-510a0cff3ff5,FAI9eyWfnHfmlpvMkH4WeQ==,f
d31189a3-deda-47e9-8ad6-67c614f5b539,HyNy8hdTtKtLlvMYaQ9AkA==,f
6e22b208-aa1b-426f-8bfa-5ff736962c1d,U6RTBDvP5gafoL7QmsoynA==,f
cd9c5ad8-e13f-46d2-9d6e-251440bbb035,57rmH8nuFUPgBDP0n2WG9w==,f
67ec35b0-f3bd-4f83-92c3-2d0348be2aac,8tSjb2Cl9N9XaeEDA7fMkw==,f
d30fec4c-f86f-484b-a654-4420c6a75fce,gL8Sb+ye+ilZTiqJOFKfGQ==,f
12ba44e6-3b88-4237-b658-ccf528fedaa2,r8vrWPygU8rVc72e/aHcWw==,f
98834681-ec6b-457d-af02-1b6709fb5052,3MK0rxnji3iprT/yaSdgHQ==,f
4680d80a-5e09-4b34-8dc6-4c180efbc1f4,4RzkMSi4MAn6MHYXnLSBJA==,f
da490794-2546-4413-a3d2-f1f1ef2a01cc,L2XEHsRwhEnWBWw7Idr0+Q==,f
28f08e5e-2af7-48f3-9d67-943d808ca3c6,WoYaw8IlqlsRGm0bq+Ax2Q==,f
7dde112d-13db-4a87-9ce3-b66974eeb2c2,/r5quag+EivzRRVZJl+CKA==,f
81857ae2-c7e6-45b8-a445-9a6e6afcd1e8,7fFDkHWoOkR/uLYw3cnI3g==,f
e9c1664c-0a98-4650-88b5-167d7b2869e3,S6QC4e+kgWiQA4LSk4jbqA==,f
a28ef3cc-ed10-403d-a3dc-b0c8ad3ff9af,+bHIVbSxT1waHYQWZ7iJAw==,f
2e1f552c-8f80-4d36-8638-a7d377c9357a,sjUXB3uTi4bgZTpDzdTG9A==,f
3bbc0733-d765-40a0-86f3-8cd295d7b412,auagZ02LBDUvzR4sWgQgTw==,f
c51b6f23-457f-4821-9650-f38069fcc4f1,hYtZ6LNeUm372iffAAaVbQ==,f
aeb9c75e-b163-4866-a242-a61525350a50,lsjNykSMgynSJqQmHRz77g==,f
f557dc6d-b0dc-4a8c-b5f3-35b252a8bbc7,gTJkN/xNj0I8yjUbXyxYSw==,f
15bdd3f3-3269-4858-9404-64a46ee07b25,dBC+0s+1eGBNZwTbagULeQ==,f
82cdcb77-1d61-48fb-b9aa-1c77e446ec80,opIZFac3jCCpAlo0MzL4yg==,f
b958faad-9781-4ca5-a654-7bb3e22be5a5,3+NWgUhibEvJS90jO92UZw==,f
9104f337-e8db-4a6b-8141-842cf1f0dc6a,KDUB1kRgevBwTB5rxhBUxw==,f
cfeedcb2-65d8-4f36-af83-5b3cb971bf20,IuvBYv899Pt+Q8Nn/BrpXQ==,f
bddffda7-232d-40a1-899e-7e1512714e1e,cupJDzwuFbs4/T0Z1fnhbw==,f
0cc45f8c-8603-42e8-a7f1-a8e145b5f9fc,ynlWxH7uqCqg7Ihpde3lyg==,f
b491aab8-c737-4a7f-bc3f-53d8f79ce58b,h/imq4XJztNwK06mQa1LtQ==,f
ad6b8733-768c-45c8-b687-1826cd2111d1,1PmQJlBhX/LrEJrzqap6Qg==,f
153e2610-f1df-4c72-a029-cbf42259b14e,BBEUtIEl5OFtKQfaoXrdDg==,f
e6a3058a-e111-4899-869e-3a1c0cb20021,F/QTSs9TFXWPiHPFaoj+Ug==,f
693d1609-fed4-4664-97aa-6b467f017f78,QPw5rfksvH2esrxZCHohAw==,f
91f7a3e0-1771-470d-b13a-964421a55c95,dbHSk+zAy8LlnSfYTyt01g==,f
4239cc91-6321-4b58-9b13-055de935078f,C8wRmwoIQ3+pWUg7FwPTPQ==,f
2f941882-b3ad-4e58-a9bd-7865a744308e,BiLNvIoKteklQaurxSP4gg==,f
6175fecc-01bb-41da-ac13-5f5b3efd35ec,WwcMuprsu8XjOqK8VdRkaQ==,f
42358b87-c359-47a8-a65a-2b0e9077bae8,k6RCVD70qTnjRrATQ7p/+Q==,f
fd5ed652-4f16-46b5-a185-a1bb3838bf20,h9AS5znVdo0QXkQ7bGGcBQ==,f
a23c5cee-6293-42be-8603-08a524739240,xzA5/ey/OB9V/lKcZzzszg==,f
4f3900f1-d183-4259-af69-f807a0d13db1,q8bJKspgdT/6a9ORaICuVA==,f
8760a3f1-b27d-4ca5-8b62-7fdd0fe79208,7IIrlX+/a02yxuo6i6Haag==,f
62f5a4f9-20b1-4f39-a019-9a557b6dba2e,KIiE+zturI/8tPh91BxZkg==,f
66e5d070-e3a4-4d20-b2f3-3dd744a3cc01,UQUp4hy5C4rcS5yCr5VGSA==,f
a28a5c68-9539-4067-b42d-a539cac18719,l8hjYxRfAEAalH9m5DP/6Q==,f
cb82f394-4f47-49aa-85d1-3c4a2d87020f,6GSlnV0/t9Q53U3dR5erIg==,f
a8680d85-5539-4765-bb0e-65860866dd7b,yCck9dlrmH23awJG3EHS5Q==,f
132171bf-9a38-4245-8af2-7cfbcf117396,zIN/mz+00REfUyM5+fDVIA==,f
86e077ae-8bab-4253-93d9-5c2ab438b8b8,p6zp17DVJVjAD3VAr1btVw==,f
e03c932d-e7a5-43da-a962-b7862e3d0313,U1fdPMMwQhoq7xSqCofMSA==,f
06d900b6-ba67-4a11-a367-17797d9564bd,K2Qd3tRN5EUmBih+wu2brA==,f
4a98df03-7de4-4361-a109-82c30da496c1,1StqIHv1JVwFsdAFYjBhfg==,f
37a5e6ff-23f3-4fea-bd2e-5a99c6ec54bb,l48zJzriGIp97g4l57e/mQ==,f
aaa6061c-3195-43bb-b496-1eff1a5249bb,deuoV0q7ctya4XXtqOeMMA==,f
