organization_id,tags,source_relation
370364,63ad9d34f3503826e5f649ae6b7ac92c,zendesk.public
370401,63ad9d34f3503826e5f649ae6b7ac92c,zendesk.public
370401,63ad9d34f3503826e5f649ae6b7ac92c,zendesk.public
370297,63ad9d34f3503826e5f649ae6b7ac92c,zendesk.public
370297,63ad9d34f3503826e5f649ae6b7ac92c,zendesk.public
370321,63ad9d34f3503826e5f649ae6b7ac92c,zendesk.public
370354,63ad9d34f3503826e5f649ae6b7ac92c,zendesk.public
370319,63ad9d34f3503826e5f649ae6b7ac92c,zendesk.public
370321,63ad9d34f3503826e5f649ae6b7ac92c,zendesk.public
370334,63ad9d34f3503826e5f649ae6b7ac92c,zendesk.public
370334,63ad9d34f3503826e5f649ae6b7ac92c,zendesk.public
370298,63ad9d34f3503826e5f649ae6b7ac92c,zendesk.public
